"Category","Sotildi"
"soch-soqol olish mashinkasi",497
"VGR | ORIGINAL",61
"Mashina uchun yomg&#x27;irdan himoyalovchi vosita",189
"Extreme power belt",188
"Ozduruvchi Misr choyi",395
"Massajyor",370
"Dolmer",227
"RAPM-shampun",954
"Kundur-yelimi",395
"Smart chiroq",43
"Multifunctional cutter",36
"SAODAT ASRI QISSALARI",11
"Qur&#x27;oni azim muxtasar tafsiri.",2
"Musulmon ayolning eri va oilasi oldidagi vazifalari. Musulmon ayolning eri va oilasi oldidagi vazifalari kitobi.",5
"Tarixi Muhammadiy",4
"Shotut sirkasi",315
"Minoxidil",333
"Minoxidil-Amerika mahsuloti",25
"Tmin Qora sedana",304
"Nano-Botoks ajinlarga qarshi vosita!",1436
"Sun screen-quyosh nuridan saqlovchi gel",15
"SAODAT ASRI QISSALARI - KITOBI",2
"HEMANIda qora sedana yog&#x27;i!",20
"RUCHKALI QURʼON KITOB!",2
"Epimedyumlu Macum",1
"ZAMONAVIY maydalagich",147
"Duo kitobi",2
"POWER BELT -Ozduruvchi kamar",71
"Sweat Shaper",13
"PULTLI KATTALAR UCHUN USTOZ-JOYNAMOZ",474
"Telefon NOVEY N670",8
"NICER DICER PLUS",43
"“Chopper” Profesional maydalagich",317
"Multi cutter (qirg&#x27;ich)",15
"SMART LAMPALAR",9
"&quot;ARCTIC AIR ULTRA&quot; - MINI SOVUTGICH",2820
"ATOMIC ZAPPER - hasharotlar va kemiruvchilar qarshi vosita 77",169
"PEST REJECT - hasharotlar va kemiruvchilar qarshi vosita",122
"Pipe Cleaner - universal tozalagich",17
"Spray pol yuvgich",10
"JOYNAMOZ-TRANSFORMER",39
"Toothwak",0
"Snail Truecica - xusnbuzar va chandiqlar uchun gel",27
"WONDER ARMS",2
"“KILLER” lamp - chivin o&#x27;ldiruvchi",49
"KAMERA",121
"Vibraton",162
"SOLO TRIMMER | ORIGINAL",33
"Anti xurrak - xurrakga qarshi vosita",35
"XI FEI SHI- tirnoqli gribokni davolash vositasi!",5
"Sport anjomi",28
"ORASORE - og&#x27;iz yarasi uchun malham",57
"Gemaroy kasalligiga qarshi vosita",48
"Jin Guy Xua - terga qarshi vosita",13
"Enchanteur upasi",2
"Mini konditsioner 126",452
"GYM ROLLER - sport trinajori",17
"INSECT ZAPPER chirogʻi",8
"BIAOYA • SOCH VA SOQOL TRIMMERI",49
"Uzmax",2606
"Kundur+Sidr",53
"Innova Shampuni",35
"Qoʻldagi dogʻlarni yopib turuvchi flomaster",302
"SOFT men spray",5906
"✔️ЎЗБЕКЧА УСТОЗ-ЖОЙНАМОЗ",585
"Costus oil softjel",6
"Тез фурсат ичида Гемаройдан бутунлай халос бўлиш.",379
"QORA SEDANA TIBOMED",168
"✨ DRY DRY terlashga qarshi samarali vosita",49
"FERULA assa-foetida tabletkasi",1
"TOZALOVCHI KUKUN",124
"Oʻsha mashhur oʻyinchoq endi sotuvda!",9
"⚔ 3 xil oʻtkirlash texnikasiga ega  Charx",124
"Katta Qora Sedana Yogi",254
"Ez Jet suv purkagich 89",193
"9D EKRAN LAMPA",48
"warm air isitgich",11
"termal mest sorap",1536
"Wonder arm pultli isitgich",37
"vibratsiya karset korrektor",260
"Smart watch M26 plus",85
"Baby watch",159
"LIVER ZIME",249
"Leather Maxsilari",127
"Sharbat tayyorlagich 117",460
"Green Mask 49",4718
"Zalatoy olen 89",210
"Soft Virgin",52
"Montalin",21
"Minoxytop 10%",35
"Bit Teruvchi",9
"Kaba nabor",356
"Placente extract gel",9
"Исломий Совғалар",24
"Ixcham Joynomoz",53
"Neck Traction",7
"Afgʻon Qozoni",163
"Krujka",13
"Qoʻlbola &quot;Cutter&quot;",10
"Car Vacuum Cleaner",106
"Afgʻon Qozoni",29
"«Payg’ambarlar tarixi» kitobi",7
"AÇIBADEM pastasi",4
"Ayollar joynomozi",8
"Sinbo krep quymoq tayyorlagich",9
"SFARZO shampuni",9
"Pilex Forte gemaroyga qarshi",5
"Elektron tasbih",17
"T189 YASHIRIN KAMERA",168
"Vitiligo",43
"SAUNA REDUCER",8
"Massaj yostigʻi",48
"KOʻP FUNKSIYALIK TIKUV MASHINASI",89
"UNIVERSAL QIROG&#x27;ICH",9
"SWIFTY SHARP TOOL 77",736
"Mashina uchun Tent",925
"Sinmaydigan oyna",36
"Ortopedik chexol",748
"STOL UCHUN AQILLI IDISH",33
"Tillla culon 67",3462
"Nur qaytaruvchi koʻzoynak",1090
"Az zahran",11
"5 xil Rangli ko&#x27;z Oynak",724
"Teymurova Oyoq terga qarshi",52
"Erkaklar uchun Ozdiruvchi mayka 117",111
"&quot;Al Hayat Med&quot; qora sedana yog‘i kapsulasi",1
"Night wiew ko&#x27;zoynagi55",632
"Elektron Joynamoz",71
"Kushion",199
"Korrektor Osanki",623
"Pest Reject",260
"Zanglar uchun",91
"Zikr Ring Tasbeh",56
"Trimmer",15
"Bolalar tish Cho&#x27;tkasi",22
"4 funksiyalik Blender",11
"Havo O&#x27;rindiqlari",2
"Mini ventilator",1
"Kir moshina Uchun kerkali Moslama",105
"Elektron Suv Nasos",6
"Elektorn Raketga chivinga qarshi 152",172
"Remover",245
"MINI KONDITSIONER - Yangi 107",216
"KINOKI YAMOQ 49",1111
"Bolalaringiz uchun maxsus basseyn.",75
"Beart cutter",230
"Slim patch 49",1039
"Kods",2578
"Chaqaloqlar uchun Pashshaxona",11
"Kattalar uchun Pashshaxona",116
"Green Mask85",2468
"Ozdiruvchi mayka147",714
"Mini GPS",14
"Remover99",17
"Shlang 15m139",419
"Avtomobil uchun soyabon 116",307
"Dinwang",6
"Bendax64",4092
"DISAAR - ogʻriqlarni butunlay unuting.99",636
"Tikuv mashinasi157",3085
"Silky beauty spra109",179
"chekishga chek qo&#x27;yish uchun Go Tox",1097
"Dazzling White-tish oqartiradigan gel59",1441
"Toothwak129",0
"Caboki",407
"FOAM CLEANER",617
"MINI ELEKTRON DAZMOL",820
"Mini Karcher 99",265
"VARIKOZDAN HALOS BOʻLISH99",457
"Vibra Stik85",1595
"Monster tozalovchi",23
"Telefon ekrani uchun 3D kattalashtirgich67",2566
"Quloq tozalash uskunalar toʻplami",328
"Tish oqartiradigan gel",860
"Fiksatorlar97",964
"I watch 8 lux copy",183
"VERTU_LUX",19
"NOVEY A20R",0
"Samsung 365",38
"Siccoo",24
"Ozdiruvchi Braslet 67",4767
"Nokia 2720",178
"Mini kamera 99",267
"Maxima Radar",63
"Zalatoy Olen 109",165
"VGR 390",48
"Showery eco",77
"Kinoki 79",1422
"Tizza braketi",81
"Power belt",1087
"Beard 99",684
"Straight comb 139",1363
"FRESH DENT",0
"Elektron tish cho&#x27;tkasi",2
"‘’Sweeps away’’",1
"Zamonaviy Belkurak",8
"Kundur-yelimi109",136
"asvijitel vertalyot",41
"Vibraton 220",54
"Farzandlarimiz uchun o&#x27;rdakchalarimiz keldi",198
"Gionee firmasidan ajoyib telefon 🤩",14
"bolajonlarimiz uchun ajoyib smart watch 🤩",10
"Hamyonbop smartwatch sotuvda 🥳",138
"Inoi 288s sotuvda 🥳",0
"3d ekran",2932
"Nokia 3310",215
"360 GRADUSLI AVOTMASHINA",27
"Infennix FLIP 5",0
"Ochki",2493
"I WATCH 8 LUX COPYY",116
"Swirl Ball",1
"COB LED",5
"iPhone 14 Proning Knobichniy varianti",72
"Anti fog",11
"Zanglar uchun 99",132
"Penguin pavelion oʻyini",1
"Tillla culon57",3400
"✨3 tasi 1 da | GIGIYENA NABORI",1
"AVTOMOBIL UCHUN VIDEO REGISTRATOR",932
"Silky beauty Spray 99",238
"Yulduzli Osmon 99",121
"Fosfor nakleka",185
"I watch 8|345",5
"Vibratsiyalik korsrt 69",1442
"LCD Yozuv Plansheti",421
"Hamyonli Joynamoz",203
"Sumkali joynamoz",5
"Skinzeo Remover",6
"Mexanik KOʻPIRTIRGICH",9
"Mini kamera 89",2735
"Riyozus Solihiyn 99",265
"EMS Oyoq Massajyor",2067
"Monster eyes",11
"Titanik suviner 149",14
"Dimok 99",29
"Smart anti radar",19
"Ozdiruvchi Twister",5
"Avtomobil uchun havo spreyi",1
"Kingyes spray shampun",0
"Gliding track",0
"FOSFORLI kalpochka",522
"Logo Proyektor",19
"Mini GOLF",0
"Casio soati",42
"Robo chang yutgich",0
"King yes spray",64
"Rain proof anti-fog",1
"Q7 shokolad",23
"Beard oil 67",1270
"Beard Cutter",47
"EMS Oyoq Massajyor 77",892
"4D joynamoz",118
"Epimedium Macun",382
"Mini karcher 87",197
"Kaba nabor275",78
"Ayollar Joynamozi",2
"MUSLIMA JOYNAMOZ",0
"Tilla Nabor",21
"FROG GAME",0
"Baby fish",0
"3 tasi 1 da Mega askiya",22
"T800",3851
"Alif Planshet",35
"Korkam toʻplam",14
"FRAZANDLARINGIZ UCHUN CHEGIRMA",14
"Double shlang 99",886
"Beard cutter + oil",4
"Salomatlik toʻplami",111
"Fen + Dazmol",151
"Polygonum shampunli sovuni 65",1082
"Showery eco 85",53
"Ibodati islomiya 99",553
"Salomatlik toʻplami 157",3
"Feramon Atiri Formula",2164
"5 tasi 1 da ochki 129",170
"Ochki 5 tasi 1 da 119",452
"Ozdiruvchi toʻplam",0
"Maxima Radar 890",17
"iWatch + Airpods",2855
"Ems massjyor + Unversal Multi Massajyor",111
"Avto jalyuzi",379
"Jasor massjyor",239
"Punch me",22
"Posture Support",2177
"T800 ultra 147",1516
"Mini blender",2580
"Ems Trainer",510
"PSORIAZNI davolovchi",233
"Portable Air cooler",3
"ajoyyib kora",0
"🤩shahodat kalimasi Yozilgan uzug xamda Magnitli+Brasletl 137",5
"3tasi 1da Bunaqasi 2 yilda bir boladi 😁 197",15
"al husna xamda Magnitli Braslet 109",69
"⌚️I WATCH T800 ULTRA Xamda  “3D ЭКРАН” 189",13
"Ibodati islomiya69",4642
"🧚‍♀️ UCHAR FEYA 😍 117",123
"Trimmer” bolalaringiz tirnog’ini olishda yordam beradi!",9
"😊Multi Electrical Massager",323
"Muzlat moslamasi 270",3
"Gel Blaster Pistolet",3
"T800 ULTRA 137",1803
"iWatch + Airpods 177",96
"🚿 Super tozalovchi vosita",1032
"Callus Remover&quot; nomli elektr tozalagich",586
"2 boshli vintelyator",38
"🤩Avtomobil eshigi va bamperini himoya qiluvchi stikerlar endi sotuvda",0
"💦Hamma narsani top toza qilib oqartiruvchi xitoy sovuni",12
"Supper soqol olgich",2933
"alfa tanirofka",259
"supper megalka",375
"sifatli pilisoslarimiz keldi",260
"Ozdiruvchi Braslet",959
"Atir nabor",314
"salafan pichoq",21
"&quot;GLOCK WATER&quot; suv sepadigan pistalt",1
"Gaatling Ayolarimiz uchun zor Max&#x27;sulotlarimiz keldi",33
"Mashina ucun ovoz kuchaytirgich",1140
"SUPPER PARASHOK",1
"chuchvara tuguvchi",504
"Fosforli Doska",13
"Filex Forte gemaroyga qarshi",4
"Atir nabor 157",395
"Air Soft Gun uyinchoq pistolet",2356
"vuvittin atiri keldi",111
"Kirka atir 69",4159
"Temirlik 5tasi 1 da ochki",52
"Supper soqol olgich",2065
"yelka togirlovchi",333
"Payvand kley",12
"🤩Ozdidruvchi karset porture boyin uchun",1
"Supper Skochlarimiz keldi 🤩",1
"Yuziz va tana uchun krem keldi",15
"Kiyimlaringiz toza va hushboy bo’lishini istaysizmi?🤯",1
"Bunday stikerni ko’rmagansiz 🤩",0
"Tozalash endi yanada onson 🤩",1
"Zeriktirmaydigan foydali o’yinchoq 🎮",0
"Moshinali soat 🤩",0
"Bolangiz bu o’yinchoq bilan aslo zerikmaydi 🤩",0
"Buyin uchun ems kabelik massajyor",1
"O&#x27;sha mashxur dior orginal 5 talik atir naborlarimiz yetib keldi☺️",62
"StuD 5000 Erkaklar uchun",1
"slim sift ozdiruvchi mayka",148
"ZOOM LED larimiza keldi !! 📣📣",21
"PLAN B tabiiy asalining  foydali xususiyatlari;",2